<?xml version="1.0" encoding="UTF-8" ?>
<!DOCTYPE mapper PUBLIC "-//mybatis.org//DTD Mapper 3.0//EN" "http://mybatis.org/dtd/mybatis-3-mapper.dtd" >
<mapper namespace="com.doc.mapper.DocsApiColumnMapper" >
  <resultMap id="BaseResultMap" type="com.doc.entity.DocsApiColumn" >
    <id column="id" property="id" jdbcType="BIGINT" />
    <result column="co_title" property="coTitle" jdbcType="VARCHAR" />
    <result column="co_type" property="coType" jdbcType="VARCHAR" />
    <result column="co_note" property="coNote" jdbcType="VARCHAR" />
    <result column="img" property="img" jdbcType="VARCHAR" />
    <result column="api_id" property="apiId" jdbcType="BIGINT" />
    <result column="url" property="url" jdbcType="VARCHAR" />
    <result column="note" property="note" jdbcType="VARCHAR" />
    <result column="add_time" property="addTime" jdbcType="INTEGER" />
    <result column="type" property="type" jdbcType="INTEGER" />
    <result column="status" property="status" jdbcType="INTEGER" />
  </resultMap>
  <sql id="Example_Where_Clause" >
    <where >
      <foreach collection="oredCriteria" item="criteria" separator="or" >
        <if test="criteria.valid" >
          <trim prefix="(" suffix=")" prefixOverrides="and" >
            <foreach collection="criteria.criteria" item="criterion" >
              <choose >
                <when test="criterion.noValue" >
                  and ${criterion.condition}
                </when>
                <when test="criterion.singleValue" >
                  and ${criterion.condition} #{criterion.value}
                </when>
                <when test="criterion.betweenValue" >
                  and ${criterion.condition} #{criterion.value} and #{criterion.secondValue}
                </when>
                <when test="criterion.listValue" >
                  and ${criterion.condition}
                  <foreach collection="criterion.value" item="listItem" open="(" close=")" separator="," >
                    #{listItem}
                  </foreach>
                </when>
              </choose>
            </foreach>
          </trim>
        </if>
      </foreach>
    </where>
  </sql>
  <sql id="Update_By_Example_Where_Clause" >
    <where >
      <foreach collection="example.oredCriteria" item="criteria" separator="or" >
        <if test="criteria.valid" >
          <trim prefix="(" suffix=")" prefixOverrides="and" >
            <foreach collection="criteria.criteria" item="criterion" >
              <choose >
                <when test="criterion.noValue" >
                  and ${criterion.condition}
                </when>
                <when test="criterion.singleValue" >
                  and ${criterion.condition} #{criterion.value}
                </when>
                <when test="criterion.betweenValue" >
                  and ${criterion.condition} #{criterion.value} and #{criterion.secondValue}
                </when>
                <when test="criterion.listValue" >
                  and ${criterion.condition}
                  <foreach collection="criterion.value" item="listItem" open="(" close=")" separator="," >
                    #{listItem}
                  </foreach>
                </when>
              </choose>
            </foreach>
          </trim>
        </if>
      </foreach>
    </where>
  </sql>
  <sql id="Base_Column_List" >
    id, co_title, co_type, co_note, img, url, note, add_time, type, status,api_id
  </sql>
  <select id="selectByExample" resultMap="BaseResultMap" parameterType="com.doc.entity.DocsApiColumnExample" >
    select
    <if test="distinct" >
      distinct
    </if>
    <include refid="Base_Column_List" />
    from docs_api_column
    <if test="_parameter != null" >
      <include refid="Example_Where_Clause" />
    </if>
    <if test="orderByClause != null" >
      order by ${orderByClause}
    </if>
  </select>
  <select id="selectByPrimaryKey" resultMap="BaseResultMap" parameterType="java.lang.Long" >
    select 
    <include refid="Base_Column_List" />
    from docs_api_column
    where id = #{id,jdbcType=BIGINT}
  </select>
  <delete id="deleteByPrimaryKey" parameterType="java.lang.Long" >
    delete from docs_api_column
    where id = #{id,jdbcType=BIGINT}
  </delete>
  <delete id="deleteByExample" parameterType="com.doc.entity.DocsApiColumnExample" >
    delete from docs_api_column
    <if test="_parameter != null" >
      <include refid="Example_Where_Clause" />
    </if>
  </delete>
  <insert id="insert" parameterType="com.doc.entity.DocsApiColumn" >
    insert into docs_api_column (id, co_title, co_type, 
      co_note, img, url, note, 
      add_time, type, status
      )
    values (#{id,jdbcType=BIGINT}, #{coTitle,jdbcType=VARCHAR}, #{coType,jdbcType=VARCHAR}, 
      #{coNote,jdbcType=VARCHAR}, #{img,jdbcType=VARCHAR}, #{url,jdbcType=VARCHAR}, #{note,jdbcType=VARCHAR}, 
      #{addTime,jdbcType=INTEGER}, #{type,jdbcType=INTEGER}, #{status,jdbcType=INTEGER}
      )
  </insert>
  <insert id="insertSelective" parameterType="com.doc.entity.DocsApiColumn" >
    insert into docs_api_column
    <trim prefix="(" suffix=")" suffixOverrides="," >
      <if test="id != null" >
        id,
      </if>
      <if test="coTitle != null" >
        co_title,
      </if>
      <if test="coType != null" >
        co_type,
      </if>
      <if test="coNote != null" >
        co_note,
      </if>
      <if test="img != null" >
        img,
      </if>
      <if test="url != null" >
        url,
      </if>
      <if test="note != null" >
        note,
      </if>
      <if test="addTime != null" >
        add_time,
      </if>
      <if test="type != null" >
        type,
      </if>
      <if test="status != null" >
        status,
      </if>
      <if test="apiId != null" >
        api_id,
      </if>
    </trim>
    <trim prefix="values (" suffix=")" suffixOverrides="," >
      <if test="id != null" >
        #{id,jdbcType=BIGINT},
      </if>
      <if test="coTitle != null" >
        #{coTitle,jdbcType=VARCHAR},
      </if>
      <if test="coType != null" >
        #{coType,jdbcType=VARCHAR},
      </if>
      <if test="coNote != null" >
        #{coNote,jdbcType=VARCHAR},
      </if>
      <if test="img != null" >
        #{img,jdbcType=VARCHAR},
      </if>
      <if test="url != null" >
        #{url,jdbcType=VARCHAR},
      </if>
      <if test="note != null" >
        #{note,jdbcType=VARCHAR},
      </if>
      <if test="addTime != null" >
        #{addTime,jdbcType=INTEGER},
      </if>
      <if test="type != null" >
        #{type,jdbcType=INTEGER},
      </if>
      <if test="status != null" >
        #{status,jdbcType=INTEGER},
      </if>
      <if test="apiId != null" >
        #{apiId,jdbcType=INTEGER},
      </if>
    </trim>
  </insert>
  <select id="countByExample" parameterType="com.doc.entity.DocsApiColumnExample" resultType="java.lang.Integer" >
    select count(*) from docs_api_column
    <if test="_parameter != null" >
      <include refid="Example_Where_Clause" />
    </if>
  </select>
  <update id="updateByExampleSelective" parameterType="map" >
    update docs_api_column
    <set >
      <if test="record.id != null" >
        id = #{record.id,jdbcType=BIGINT},
      </if>
      <if test="record.coTitle != null" >
        co_title = #{record.coTitle,jdbcType=VARCHAR},
      </if>
      <if test="record.coType != null" >
        co_type = #{record.coType,jdbcType=VARCHAR},
      </if>
      <if test="record.coNote != null" >
        co_note = #{record.coNote,jdbcType=VARCHAR},
      </if>
      <if test="record.img != null" >
        img = #{record.img,jdbcType=VARCHAR},
      </if>
      <if test="record.url != null" >
        url = #{record.url,jdbcType=VARCHAR},
      </if>
      <if test="record.note != null" >
        note = #{record.note,jdbcType=VARCHAR},
      </if>
      <if test="record.addTime != null" >
        add_time = #{record.addTime,jdbcType=INTEGER},
      </if>
      <if test="record.type != null" >
        type = #{record.type,jdbcType=INTEGER},
      </if>
      <if test="record.status != null" >
        status = #{record.status,jdbcType=INTEGER},
      </if>
    </set>
    <if test="_parameter != null" >
      <include refid="Update_By_Example_Where_Clause" />
    </if>
  </update>
  <update id="updateByExample" parameterType="map" >
    update docs_api_column
    set id = #{record.id,jdbcType=BIGINT},
      co_title = #{record.coTitle,jdbcType=VARCHAR},
      co_type = #{record.coType,jdbcType=VARCHAR},
      co_note = #{record.coNote,jdbcType=VARCHAR},
      img = #{record.img,jdbcType=VARCHAR},
      url = #{record.url,jdbcType=VARCHAR},
      note = #{record.note,jdbcType=VARCHAR},
      add_time = #{record.addTime,jdbcType=INTEGER},
      type = #{record.type,jdbcType=INTEGER},
      status = #{record.status,jdbcType=INTEGER}
    <if test="_parameter != null" >
      <include refid="Update_By_Example_Where_Clause" />
    </if>
  </update>
  <update id="updateByPrimaryKeySelective" parameterType="com.doc.entity.DocsApiColumn" >
    update docs_api_column
    <set >
      <if test="coTitle != null" >
        co_title = #{coTitle,jdbcType=VARCHAR},
      </if>
      <if test="coType != null" >
        co_type = #{coType,jdbcType=VARCHAR},
      </if>
      <if test="coNote != null" >
        co_note = #{coNote,jdbcType=VARCHAR},
      </if>
      <if test="img != null" >
        img = #{img,jdbcType=VARCHAR},
      </if>
      <if test="url != null" >
        url = #{url,jdbcType=VARCHAR},
      </if>
      <if test="note != null" >
        note = #{note,jdbcType=VARCHAR},
      </if>
      <if test="addTime != null" >
        add_time = #{addTime,jdbcType=INTEGER},
      </if>
      <if test="type != null" >
        type = #{type,jdbcType=INTEGER},
      </if>
      <if test="status != null" >
        status = #{status,jdbcType=INTEGER},
      </if>
    </set>
    where id = #{id,jdbcType=BIGINT}
  </update>
  <update id="updateByPrimaryKey" parameterType="com.doc.entity.DocsApiColumn" >
    update docs_api_column
    set co_title = #{coTitle,jdbcType=VARCHAR},
      co_type = #{coType,jdbcType=VARCHAR},
      co_note = #{coNote,jdbcType=VARCHAR},
      img = #{img,jdbcType=VARCHAR},
      url = #{url,jdbcType=VARCHAR},
      note = #{note,jdbcType=VARCHAR},
      add_time = #{addTime,jdbcType=INTEGER},
      type = #{type,jdbcType=INTEGER},
      status = #{status,jdbcType=INTEGER}
    where id = #{id,jdbcType=BIGINT}
  </update>
   <update id="deleteBYApidId" parameterType="java.lang.Long" >
    delete from docs_api_column where api_id=#{apiFuncId,jdbcType=BIGINT}
  </update>
</mapper>