<?xml version="1.0" encoding="UTF-8" ?>
<!DOCTYPE mapper PUBLIC "-//mybatis.org//DTD Mapper 3.0//EN" "http://mybatis.org/dtd/mybatis-3-mapper.dtd" >
<mapper namespace="com.doc.mapper.DocsFunctionMapper" >
  <resultMap id="BaseResultMap" type="com.doc.entity.DocsFunction" >
    <id column="id" property="id" jdbcType="BIGINT" />
    <result column="title" property="title" jdbcType="VARCHAR" />
    <result column="img" property="img" jdbcType="VARCHAR" />
    <result column="url" property="url" jdbcType="VARCHAR" />
    <result column="note" property="note" jdbcType="VARCHAR" />
    <result column="add_time" property="addTime" jdbcType="INTEGER" />
    <result column="type" property="type" jdbcType="INTEGER" />
    <result column="status" property="status" jdbcType="INTEGER" />
  </resultMap>
  <resultMap id="ResultMapWithBLOBs" type="com.doc.entity.DocsFunction" extends="BaseResultMap" >
    <result column="content" property="content" jdbcType="LONGVARCHAR" />
  </resultMap>
  <sql id="Example_Where_Clause" >
    <where >
      <foreach collection="oredCriteria" item="criteria" separator="or" >
        <if test="criteria.valid" >
          <trim prefix="(" suffix=")" prefixOverrides="and" >
            <foreach collection="criteria.criteria" item="criterion" >
              <choose >
                <when test="criterion.noValue" >
                  and ${criterion.condition}
                </when>
                <when test="criterion.singleValue" >
                  and ${criterion.condition} #{criterion.value}
                </when>
                <when test="criterion.betweenValue" >
                  and ${criterion.condition} #{criterion.value} and #{criterion.secondValue}
                </when>
                <when test="criterion.listValue" >
                  and ${criterion.condition}
                  <foreach collection="criterion.value" item="listItem" open="(" close=")" separator="," >
                    #{listItem}
                  </foreach>
                </when>
              </choose>
            </foreach>
          </trim>
        </if>
      </foreach>
    </where>
  </sql>
  <sql id="Update_By_Example_Where_Clause" >
    <where >
      <foreach collection="example.oredCriteria" item="criteria" separator="or" >
        <if test="criteria.valid" >
          <trim prefix="(" suffix=")" prefixOverrides="and" >
            <foreach collection="criteria.criteria" item="criterion" >
              <choose >
                <when test="criterion.noValue" >
                  and ${criterion.condition}
                </when>
                <when test="criterion.singleValue" >
                  and ${criterion.condition} #{criterion.value}
                </when>
                <when test="criterion.betweenValue" >
                  and ${criterion.condition} #{criterion.value} and #{criterion.secondValue}
                </when>
                <when test="criterion.listValue" >
                  and ${criterion.condition}
                  <foreach collection="criterion.value" item="listItem" open="(" close=")" separator="," >
                    #{listItem}
                  </foreach>
                </when>
              </choose>
            </foreach>
          </trim>
        </if>
      </foreach>
    </where>
  </sql>
  <sql id="Base_Column_List" >
    id, title, img, url, note, add_time, type, status
  </sql>
  <sql id="Blob_Column_List" >
    content
  </sql>
  <select id="selectByExampleWithBLOBs" resultMap="ResultMapWithBLOBs" parameterType="com.doc.entity.DocsFunctionExample" >
    select
    <if test="distinct" >
      distinct
    </if>
    <include refid="Base_Column_List" />
    ,
    <include refid="Blob_Column_List" />
    from docs_function
    <if test="_parameter != null" >
      <include refid="Example_Where_Clause" />
    </if>
    <if test="orderByClause != null" >
      order by ${orderByClause}
    </if>
  </select>
  <select id="selectByExample" resultMap="BaseResultMap" parameterType="com.doc.entity.DocsFunctionExample" >
    select
    <if test="distinct" >
      distinct
    </if>
    <include refid="Base_Column_List" />
    from docs_function
    <if test="_parameter != null" >
      <include refid="Example_Where_Clause" />
    </if>
    <if test="orderByClause != null" >
      order by ${orderByClause}
    </if>
  </select>
  <select id="selectByPrimaryKey" resultMap="ResultMapWithBLOBs" parameterType="java.lang.Long" >
    select 
    <include refid="Base_Column_List" />
    ,
    <include refid="Blob_Column_List" />
    from docs_function
    where id = #{id,jdbcType=BIGINT}
  </select>
  <delete id="deleteByPrimaryKey" parameterType="java.lang.Long" >
    delete from docs_function
    where id = #{id,jdbcType=BIGINT}
  </delete>
  <delete id="deleteByExample" parameterType="com.doc.entity.DocsFunctionExample" >
    delete from docs_function
    <if test="_parameter != null" >
      <include refid="Example_Where_Clause" />
    </if>
  </delete>
  <insert id="insert" parameterType="com.doc.entity.DocsFunction" >
    insert into docs_function (id, title, img, 
      url, note, add_time, 
      type, status, content
      )
    values (#{id,jdbcType=BIGINT}, #{title,jdbcType=VARCHAR}, #{img,jdbcType=VARCHAR}, 
      #{url,jdbcType=VARCHAR}, #{note,jdbcType=VARCHAR}, #{addTime,jdbcType=INTEGER}, 
      #{type,jdbcType=INTEGER}, #{status,jdbcType=INTEGER}, #{content,jdbcType=LONGVARCHAR}
      )
  </insert>
  <insert id="insertSelective" parameterType="com.doc.entity.DocsFunction" useGeneratedKeys="true" keyProperty="id">
    insert into docs_function
    <trim prefix="(" suffix=")" suffixOverrides="," >
      <if test="id != null" >
        id,
      </if>
      <if test="title != null" >
        title,
      </if>
      <if test="img != null" >
        img,
      </if>
      <if test="url != null" >
        url,
      </if>
      <if test="note != null" >
        note,
      </if>
      <if test="addTime != null" >
        add_time,
      </if>
      <if test="type != null" >
        type,
      </if>
      <if test="status != null" >
        status,
      </if>
      <if test="content != null" >
        content,
      </if>
    </trim>
    <trim prefix="values (" suffix=")" suffixOverrides="," >
      <if test="id != null" >
        #{id,jdbcType=BIGINT},
      </if>
      <if test="title != null" >
        #{title,jdbcType=VARCHAR},
      </if>
      <if test="img != null" >
        #{img,jdbcType=VARCHAR},
      </if>
      <if test="url != null" >
        #{url,jdbcType=VARCHAR},
      </if>
      <if test="note != null" >
        #{note,jdbcType=VARCHAR},
      </if>
      <if test="addTime != null" >
        #{addTime,jdbcType=INTEGER},
      </if>
      <if test="type != null" >
        #{type,jdbcType=INTEGER},
      </if>
      <if test="status != null" >
        #{status,jdbcType=INTEGER},
      </if>
      <if test="content != null" >
        #{content,jdbcType=LONGVARCHAR},
      </if>
    </trim>
  </insert>
  <select id="countByExample" parameterType="com.doc.entity.DocsFunctionExample" resultType="java.lang.Integer" >
    select count(*) from docs_function
    <if test="_parameter != null" >
      <include refid="Example_Where_Clause" />
    </if>
  </select>
  <update id="updateByExampleSelective" parameterType="map" >
    update docs_function
    <set >
      <if test="record.id != null" >
        id = #{record.id,jdbcType=BIGINT},
      </if>
      <if test="record.title != null" >
        title = #{record.title,jdbcType=VARCHAR},
      </if>
      <if test="record.img != null" >
        img = #{record.img,jdbcType=VARCHAR},
      </if>
      <if test="record.url != null" >
        url = #{record.url,jdbcType=VARCHAR},
      </if>
      <if test="record.note != null" >
        note = #{record.note,jdbcType=VARCHAR},
      </if>
      <if test="record.addTime != null" >
        add_time = #{record.addTime,jdbcType=INTEGER},
      </if>
      <if test="record.type != null" >
        type = #{record.type,jdbcType=INTEGER},
      </if>
      <if test="record.status != null" >
        status = #{record.status,jdbcType=INTEGER},
      </if>
      <if test="record.content != null" >
        content = #{record.content,jdbcType=LONGVARCHAR},
      </if>
    </set>
    <if test="_parameter != null" >
      <include refid="Update_By_Example_Where_Clause" />
    </if>
  </update>
  <update id="updateByExampleWithBLOBs" parameterType="map" >
    update docs_function
    set id = #{record.id,jdbcType=BIGINT},
      title = #{record.title,jdbcType=VARCHAR},
      img = #{record.img,jdbcType=VARCHAR},
      url = #{record.url,jdbcType=VARCHAR},
      note = #{record.note,jdbcType=VARCHAR},
      add_time = #{record.addTime,jdbcType=INTEGER},
      type = #{record.type,jdbcType=INTEGER},
      status = #{record.status,jdbcType=INTEGER},
      content = #{record.content,jdbcType=LONGVARCHAR}
    <if test="_parameter != null" >
      <include refid="Update_By_Example_Where_Clause" />
    </if>
  </update>
  <update id="updateByExample" parameterType="map" >
    update docs_function
    set id = #{record.id,jdbcType=BIGINT},
      title = #{record.title,jdbcType=VARCHAR},
      img = #{record.img,jdbcType=VARCHAR},
      url = #{record.url,jdbcType=VARCHAR},
      note = #{record.note,jdbcType=VARCHAR},
      add_time = #{record.addTime,jdbcType=INTEGER},
      type = #{record.type,jdbcType=INTEGER},
      status = #{record.status,jdbcType=INTEGER}
    <if test="_parameter != null" >
      <include refid="Update_By_Example_Where_Clause" />
    </if>
  </update>
  <update id="updateByPrimaryKeySelective" parameterType="com.doc.entity.DocsFunction" >
    update docs_function
    <set >
      <if test="title != null" >
        title = #{title,jdbcType=VARCHAR},
      </if>
      <if test="img != null" >
        img = #{img,jdbcType=VARCHAR},
      </if>
      <if test="url != null" >
        url = #{url,jdbcType=VARCHAR},
      </if>
      <if test="note != null" >
        note = #{note,jdbcType=VARCHAR},
      </if>
      <if test="addTime != null" >
        add_time = #{addTime,jdbcType=INTEGER},
      </if>
      <if test="type != null" >
        type = #{type,jdbcType=INTEGER},
      </if>
      <if test="status != null" >
        status = #{status,jdbcType=INTEGER},
      </if>
      <if test="content != null" >
        content = #{content,jdbcType=LONGVARCHAR},
      </if>
    </set>
    where id = #{id,jdbcType=BIGINT}
  </update>
  <update id="updateByPrimaryKeyWithBLOBs" parameterType="com.doc.entity.DocsFunction" >
    update docs_function
    set title = #{title,jdbcType=VARCHAR},
      img = #{img,jdbcType=VARCHAR},
      url = #{url,jdbcType=VARCHAR},
      note = #{note,jdbcType=VARCHAR},
      add_time = #{addTime,jdbcType=INTEGER},
      type = #{type,jdbcType=INTEGER},
      status = #{status,jdbcType=INTEGER},
      content = #{content,jdbcType=LONGVARCHAR}
    where id = #{id,jdbcType=BIGINT}
  </update>
  <update id="updateByPrimaryKey" parameterType="com.doc.entity.DocsFunction" >
    update docs_function
    set title = #{title,jdbcType=VARCHAR},
      img = #{img,jdbcType=VARCHAR},
      url = #{url,jdbcType=VARCHAR},
      note = #{note,jdbcType=VARCHAR},
      add_time = #{addTime,jdbcType=INTEGER},
      type = #{type,jdbcType=INTEGER},
      status = #{status,jdbcType=INTEGER}
    where id = #{id,jdbcType=BIGINT}
  </update>
</mapper>