<?xml version="1.0" encoding="UTF-8"?>
<configuration>
    <appender name="console" class="ch.qos.logback.core.ConsoleAppender">
        <encoder>
            <pattern>%d{yyyy/MM/dd-HH:mm:ss}   %level %caller{1} - %msg%n</pattern>
        </encoder>
    </appender>

    <appender name="rollingFile" class="ch.qos.logback.core.rolling.RollingFileAppender">
        <file>${user.home}/deploy/logs/shuihe.log</file>
        <rollingPolicy class="ch.qos.logback.core.rolling.TimeBasedRollingPolicy">
            <fileNamePattern>${user.home}/deploy/logs/shuihe.%d{yyyy-MM-dd}.log</fileNamePattern>
        </rollingPolicy>
        <encoder>
            <pattern>%date{HH:mm:ss.SSS} %-5level [%thread] %-5level %logger{36} - %msg%n</pattern>
        </encoder>
    </appender>

    <!-- project default level -->
    <logger name="bnxd.shuihe" level="INFO"/>

    <!--log4jdbc -->
    <logger name="jdbc.sqltiming" level="INFO"/>

    <root level="DEBUG">
        <appender-ref ref="console"/>
        <!-- <appender-ref ref="rollingFile"/> -->
    </root>
</configuration>